序号,链接,节点数
0,https://clashgithub.com/wp-content/uploads/rss/20260802.yml,0
1,https://clashstair.cczzuu.top/node/20260802.yaml,15
2,https://free.datiya.com/uploads/20260802-clash.yaml,0
3,https://jichangx.com/nodes/v2ray-20260802-01,11
4,https://jichangx.com/nodes/v2ray-20260802-02,1261
5,https://mm.mibei77.com/202607/0731Clashikw.yaml,0
6,https://node.clashnode.cc/uploads/2026/08/0-20260802.yaml,369
7,https://node.clashnode.cc/uploads/2026/08/1-20260802.yaml,120
8,https://node.clashnode.cc/uploads/2026/08/3-20260802.yaml,20
9,https://node.clashnode.cc/uploads/2026/08/4-20260802.yaml,0
10,https://node.freeclashnode.com/uploads/2026/08/0-20260802.yaml,369
11,https://node.freeclashnode.com/uploads/2026/08/1-20260802.yaml,120
12,https://node.freeclashnode.com/uploads/2026/08/3-20260802.yaml,20
13,https://node.freeclashnode.com/uploads/2026/08/4-20260802.yaml,0
14,https://node.freev2raynode.com/uploads/2026/08/0-20260802.yaml,369
15,https://node.freev2raynode.com/uploads/2026/08/1-20260802.yaml,120
16,https://node.freev2raynode.com/uploads/2026/08/3-20260802.yaml,20
17,https://node.freev2raynode.com/uploads/2026/08/4-20260802.yaml,0
18,https://nodefree.org/dy/2026/08/20260802.yaml,0
19,https://oss.oneclash.cc/2026/7/20260731.yaml,0
20,https://raw.githubusercontent.com/free-nodes/clashfree/main/clash20260802.yml,0
21,https://sfdr.zaixianyouxi.dpdns.org/uploads/2026/8/20260802.yaml,219
22,https://stairnode.cczzuu.top/node/20260802.yaml,15
23,https://static.v2rayshare.net/2026/08/20260802.yaml,20
24,https://v2clash.blog/Link/20260731-clash.yaml,197
25,https://wanzhuanmi.cczzuu.top/node/20260802.yaml,15
26,https://cdn.jsdelivr.net/gh/vxiaov/free_proxies@main/clash/clash.provider.yaml,28
27,https://fn03.fn0618.xyz/nodes/088d0f9498d8c0a291d88335174bf164,31
28,https://fn03.fn0618.xyz/nodes/12b92a3e5062501846b3f3c0406af030,31
29,https://fn03.fn0618.xyz/nodes/23ce70275d5a1dccf2aaaf7bc184b7b0,31
30,https://fn03.fn0618.xyz/nodes/5abfdae8467399077069730dcc3e69f4,31
31,https://fn03.fn0618.xyz/nodes/72b331fd046eebfb2b43a450dfb2d958,31
32,https://fn03.fn0618.xyz/nodes/73c6d203a5a6da4664aac3c453c86030,31
33,https://fn03.fn0618.xyz/nodes/79f7ee8ba14321c93d8caf333752063d,31
34,https://fn03.fn0618.xyz/nodes/7f3c4d35d5087b290dcebd02717eadc1,31
35,https://fn03.fn0618.xyz/nodes/8f8467f2552c23fbf0aed98e4ca836fc,31
36,https://fn03.fn0618.xyz/nodes/9555ad15953c2203bc62b26c5868b660,31
37,https://fn03.fn0618.xyz/nodes/a230bcbee6d8dea91ae78b6329b44de4,31
38,https://fn03.fn0618.xyz/nodes/aa22c1a0140aaa5b0fb336a652569950,31
39,https://fn03.fn0618.xyz/nodes/ba7e73c8f581dc78016731c34965d6f4,31
40,https://fn03.fn0618.xyz/nodes/c4d4c4d01a8905e12d7d35ce9fe46481,31
41,https://fn03.fn0618.xyz/nodes/d00bef7ca29584eec054181d4e1159c6,31
42,https://fn03.fn0618.xyz/nodes/d201d37523e1b7e6d97500e25d54e4e9,31
43,https://fn03.fn0618.xyz/nodes/f0cf45e7c7f5540d24bf6c3fb97e2800,31
44,https://freenode.openrunner.net/uploads/20240807-clash.yaml,26
45,https://gh-proxy.com/raw.githubusercontent.com/ssrsub/ssr/master/clash.yaml,228
46,https://gh-proxy.org/https://github.com/xituimao/spider-clash/blob/main/output/clash.yaml,55
47,https://gh-proxy.org/https://raw.githubusercontent.com/Barabama/FreeNodes/main/nodes/blues.yaml,60
48,https://gh-proxy.org/https://raw.githubusercontent.com/Barabama/FreeNodes/main/nodes/ndnode.yaml,14
49,https://gh-proxy.org/https://raw.githubusercontent.com/Barabama/FreeNodes/main/nodes/yudou66.yaml,163
50,https://gh-proxy.org/https://raw.githubusercontent.com/Huibq/TrojanLinks/master/links/vmess,0
51,https://gh-proxy.org/https://raw.githubusercontent.com/Jsnzkpg/Jsnzkpg/Jsnzkpg/Jsnzkpg,0
52,https://gh-proxy.org/https://raw.githubusercontent.com/NiceVPN123/NiceVPN/main/Clash.yaml,3646
53,https://gh-proxy.org/https://raw.githubusercontent.com/anaer/Sub/main/clash.yaml,2384
54,https://gh-proxy.org/https://raw.githubusercontent.com/ripaojiedian/freenode/main/clash,14
55,https://gh-proxy.org/https://raw.githubusercontent.com/ripaojiedian/freenode/main/sub,14
56,https://gh-proxy.org/https://raw.githubusercontent.com/shaoyouvip/free/refs/heads/main/all.yaml,23
57,https://gh-proxy.org/https://raw.githubusercontent.com/yffs118/clashcode/master/crawclash.yaml,357
58,https://gh-proxy.org/https://raw.githubusercontent.com/yffs118/clashcode/master/list.metaspeed.yml,0
59,https://gh-proxy.org/https://raw.githubusercontent.com/zhangkaiitugithub/passcro/main/speednodes.yaml,339
60,https://ghfast.top/https://raw.githubusercontent.com/free18/v2ray/refs/heads/main/c.yaml,312
61,https://ghproxy.cfd/https://raw.githubusercontent.com/peasoft/NoMoreWalls/master/list.meta.yml,0
62,https://gist.githubusercontent.com/peasoft/40b87245630092f30cc98af61190b4e2/raw/,10
63,https://nodebuf.com/files/public/cms6qzg140ar5qb5wivnv3m8l/download,22
64,https://pai.yt/clash,0
65,https://raw.githubusercontent.com/Misaka-blog/chromego_merge/main/sub/merged_proxies_new.yaml,70
66,https://raw.githubusercontent.com/MrMohebi/xray-proxy-grabber-telegram/master/collected-proxies/clash-meta/all.yaml,0
67,https://raw.githubusercontent.com/PuddinCat/BestClash/main/proxies.yaml,16
68,https://raw.githubusercontent.com/Surfboardv2ray/TGParse/main/python/hy2,4
69,https://raw.githubusercontent.com/Surfboardv2ray/TGParse/main/python/hysteria2,54
70,https://raw.githubusercontent.com/aiboboxx/clashfree/main/clash.yml,0
71,https://raw.githubusercontent.com/anaer/Sub/main/clash.yaml,2384
72,https://raw.githubusercontent.com/awesome-vpn/awesome-vpn/master/clash.yaml,200
73,https://raw.githubusercontent.com/chengaopan/AutoMergePublicNodes/master/list.yml,28
74,https://raw.githubusercontent.com/ermaozi/get_subscribe/main/subscribe/clash.yml,26
75,https://raw.githubusercontent.com/ermaozi01/free_clash_vpn/main/subscribe/clash.yml,18
76,https://raw.githubusercontent.com/hello-world-1989/cn-news/refs/heads/main/clash.yaml,2
77,https://raw.githubusercontent.com/lagzian/SS-Collector/main/mix_clash.yaml,0
78,https://raw.githubusercontent.com/mahdibland/ShadowsocksAggregator/master/Eternity.yml,201
79,https://raw.githubusercontent.com/mfuu/v2ray/master/clash.yaml,0
80,https://raw.githubusercontent.com/ovmvo/FreeSub/refs/heads/main/sub/permanent/mihomo.yaml,858
81,https://raw.githubusercontent.com/peasoft/NoMoreWalls/master/list.yml,39
82,https://raw.githubusercontent.com/ronghuaxueleng/get_v2/main/pub/combine.yaml,187
83,https://raw.githubusercontent.com/ts-sf/fly/main/clash,200
84,https://raw.githubusercontent.com/yafeisun/v2raynode/refs/heads/main/result/nodetotal.txt,2189
85,https://raw.githubusercontent.com/yafeisun/v2raynode/refs/heads/main/result/v2rayse.txt,2
86,https://raw.githubusercontent.com/yaney01/Yaney01/main/temporary,38
87,https://raw.githubusercontent.com/yebekhe/TelegramV2rayCollector/main/sub/base64/mix,0
88,https://raw.githubusercontent.com/zhangkaiitugithub/passcro/main/speednodes.yaml,344
89,https://rbbA2s.absslk.xyz/da43e56d02340cdfe1b1d33231b99024,0
90,https://tt.vg/freeclash,48
91,https://www.xrayvip.com/free.yaml,48

总计,,6969
